image,px_to_cm
A00000034558.jpg,258
A00000050021.jpg,243
A00000046089.jpg,241
A00000033670.jpg,427
A00000012435.jpg,244
A00000051528.jpg,250
A00000137178.jpg,225
A00000051615.jpg,384
A00000069257.jpg,234
A00000046121.jpg,247
MOAB_001.E.20180724.CILPUW.01.jpg,341
A00000051580.jpg,283
STER_027.E.20180726.POESCI.01(10).jpg,253
A00000041399.jpg,248
A00000044567.jpg,274
A00000041433.jpg,231
A00000051175.jpg,219
A00000041420.jpg,243
A00000051610.jpg,291
A00000046176.jpg,232
A00000046172.jpg,247
A00000008937.jpg,238
A00000051555_2.jpg,225
MLBS_009.W.20180522.CARABID.CARGOR(20).jpg,244
A00000046102.jpg,249
A00000033653.jpg,294
A00000034544.jpg,370
A00000046224.jpg,236
A00000034540.jpg,219
A00000050032.jpg,349
A00000041436.jpg,261
A00000033637.jpg,364
A00000051619.jpg,290
A00000051605.jpg,255
A00000050042.jpg,244
A00000033656.jpg,222
A00000041653.jpg,242
A00000034537.jpg,299
A00000046078.jpg,249
A00000069273.jpg,280
RMNP_016.E.20180709.PTEPROZ.01(13).jpg,298
A00000050029.jpg,380
A00000034569.jpg,231
A00000046184.jpg,268
A00000009083.jpg,226
A00000034562.jpg,233
A00000034563.jpg,231
A00000051520.jpg,243
A00000051184.jpg,276
A00000050026.jpg,242
A00000044566.jpg,285
A00000046305.jpg,223
A00000033672.jpg,418
A00000041419.jpg,223
A00000046178.jpg,246
A00000046086.jpg,283
A00000051586.jpg,293
A00000034567.jpg,234
A00000046301.jpg,227
A00000051166.jpg,341
A00000046180.jpg,245
A00000051592.jpg,226
A00000009167.jpg,263
A00000034541.jpg,231
A00000046090.jpg,246
A00000051609.jpg,316
MLBS_009.E.20180522.CARABIDS.01.jpg,243
A00000059776.jpg,267
A00000033673.jpg,221
A00000051548.jpg,342
A00000040693.jpg,243
A00000046174.jpg,230
A00000046182.jpg,226
A00000046225.jpg,270
A00000034554.jpg,236
RMNP_012.S.20180723.PTERES.01(11).jpg,361
A00000051608.jpg,226
A00000040696.jpg,242
A00000051588.jpg,330
A00000046181.jpg,243
A00000034556.jpg,232
A00000041381.jpg,224
A00000069271.jpg,406
A00000051597.jpg,255
A00000046228.jpg,238
MLBS_009.S.20180522.jpg,255
A00000051611.jpg,295
A00000009149.jpg,342
A00000051547.jpg,340
A00000044093.jpg,269
BART_081.S.20180809.SYNIMP.01.jpg,424
A00000043621.jpg,255
A00000032979.jpg,398
A00000051188.jpg,329
A00000033640.jpg,398
A00000056861.jpg,299
A00000046103.jpg,233
A00000046076.jpg,246
A00000050037.jpg,353
A00000051601.jpg,337
A00000046171.jpg,244
MLBS_088.W.20180814.PTELAC2.jpg,248
A00000051591.jpg,347
A00000009015.jpg,333
A00000051576.jpg,315
A00000033675.jpg,371
A00000033569.jpg,266
BART_081.S.20180712.SYNIMP.01.jpg,422
A00000009160.jpg,268
A00000051535.jpg,248
A00000041652.jpg,237
A00000040689.jpg,240
A00000034553.jpg,312
A00000051627.jpg,225
A00000050034.jpg,335
A00000051584.jpg,342
A00000049746.jpg,226
A00000046095.jpg,285
GRSM_022.20180417.CARGOR.01.jpg,266
A00000046077.jpg,243
STER_026.W.20180906.HARPAR.01(10).jpg,243
A00000051532.jpg,250
A00000046173.jpg,232
A00000051163.jpg,260
A00000049773.jpg,244
HARV_005.E.20180619.SYNIMP.01.jpg,357
A00000049759.jpg,246
A00000051533.jpg,247
A00000049760.jpg,245
A00000033674.jpg,397
A00000050017.jpg,241
A00000049768.jpg,244
A00000046298.jpg,248
A00000033567.jpg,239
A00000059783.jpg,271
A00000041413.jpg,226
A00000033689.jpg,424
A00000040676.jpg,243
A00000041402.jpg,226
A00000051557.jpg,290
A00000069240.jpg,220
A00000049774.jpg,244
A00000051617.jpg,334
A00000051545.jpg,225
A00000051624.jpg,292
NIWO_005.W.20180619.CYMUNI1.01(10).jpg,321
A00000051161.jpg,380
A00000051523.jpg,247
A00000033620.jpg,423
A00000046079.jpg,231
A00000046229.jpg,229
A00000033589.jpg,418
A00000051602.jpg,295
MOAB_001.S.20180724.jpg,223
A00000046080.jpg,245
A00000051596.jpg,278
A00000033636.jpg,263
B00000007007.jpg,444
A00000034564.jpg,231
A00000033669.jpg,355
A00000040717.jpg,275
A00000156508.jpg,223
A00000009168.jpg,274
A00000051618.jpg,229
A00000046104.jpg,247
A00000040677.jpg,245
A00000012429.jpg,229
A00000050039.jpg,232
A00000032880.jpg,256
A00000059907.jpg,291
A00000049751.jpg,243
A00000041303.jpg,272
A00000034561.jpg,233
A00000049745.jpg,246
A00000012427.jpg,228
A00000051174.jpg,282
A00000051555_1.jpg,223
A00000012923.jpg,228
A00000034536.jpg,411
A00000043638.jpg,228
A00000040692.jpg,240
A00000046110.jpg,249
A00000051599.jpg,317
A00000040703.jpg,242
A00000049769.jpg,244
A00000050019.jpg,395
A00000041411.jpg,251
RMNP_007.S.20180723.CALADV.01(23).jpg,281
A00000051541.jpg,256
A00000012431.jpg,247
A00000051607.jpg,319
A00000001831.jpg,300
TALL_003.S.20180725.TETCAR.01.jpg,272
A00000046091.jpg,240
A00000012924.jpg,235
A00000040729.jpg,317
A00000051522.jpg,257
MOAB_001.W.20180724.CICPUN.01.jpg,342
A00000033622.jpg,363
A00000051575.jpg,290
A00000041107.jpg,225
A00000051519.jpg,254
A00000046300.jpg,227
A00000049747.jpg,396
A00000034538.jpg,369
MLBS_008.S.20180522.CARGOR(18).jpg,249
A00000046154.jpg,271
A00000051169.jpg,312
A00000046186.jpg,224
A00000059782.jpg,272
A00000051582.jpg,343
A00000033623.jpg,309
A00000051626.jpg,225
MLBS_010.E.20180522.jpg,237
A00000051524.jpg,255
A00000051583.jpg,399
A00000046093.jpg,268
A00000012433.jpg,229
A00000040695.jpg,299
A00000045134.jpg,228
A00000046118.jpg,359
A00000034565.jpg,233
A00000046087.jpg,264
BART_018.S.20180906.SYNIMP.01.jpg,211
A00000046072.jpg,244
A00000050018.jpg,278
A00000051386.jpg,256
A00000046119.jpg,246
A00000050038.jpg,321
A00000046101.jpg,244
A00000050020.jpg,256
A00000051546.jpg,254
A00000033635.jpg,354
STER_032.W.20180920.HARPEN.01(20).jpg,254
A00000051540.jpg,249
A00000046124.jpg,247
A00000033691.jpg,422
CPER_004.E.20180621.EURGRO.01(15).jpg,273
RMNP_012.S.20180723.CALADV.01(16).jpg,365
A00000034546.jpg,344
A00000012920.jpg,246
A00000040690.jpg,240
A00000051176.jpg,336
A00000008984.jpg,276
A00000051165.jpg,282
A00000051606.jpg,297
A00000049749.jpg,357
A00000051550.jpg,314
A00000046187.jpg,246
A00000033686.jpg,357
A00000046108.jpg,246
A00000046092.jpg,279
A00000050023.jpg,244
A00000033571.jpg,236
A00000051185.jpg,277
A00000051577.jpg,299
A00000051551.jpg,296
A00000040723.jpg,294
A00000069261.jpg,280
A00000051585.jpg,366
A00000033688.jpg,366
MLBS_002.W.20180522.CARGOR(32).jpg,228
A00000034551.jpg,232
A00000040678.jpg,243
A00000033634.jpg,376
A00000050014.jpg,340
A00000046107.jpg,262
A00000033651.jpg,349
A00000050031.jpg,256
A00000034568.jpg,284
A00000050015.jpg,317
A00000046073.jpg,285
A00000012436.jpg,254
A00000034545.jpg,233
A00000049748.jpg,283
A00000051593.jpg,332
A00000051549.jpg,288
A00000069243.jpg,233
A00000069247.jpg,304
A00000049797.jpg,251
A00000059786.jpg,237
A00000051183.jpg,359
A00000040730.jpg,336
A00000033607.jpg,317
A00000008918.jpg,412
A00000033601.jpg,325
A00000050040.jpg,336
A00000046175.jpg,249
A00000012432.jpg,228
A00000041430.jpg,243
A00000059788.jpg,269
A00000033668.jpg,356
A00000095385.jpg,496
A00000051623.jpg,335
A00000069267.jpg,309
A00000041377.jpg,227
A00000032879.jpg,256
A00000059787.jpg,268
A00000046075.jpg,272
A00000008981.jpg,287
A00000008921.jpg,241
A00000051559.jpg,227
A00000041363.jpg,223
A00000049741.jpg,371
A00000051544.jpg,255
MLBS_002.E.20180522.CARABID.07(27).jpg,226
A00000051534.jpg,250
A00000050041.jpg,243
A00000046115.jpg,245
A00000051181.jpg,223
A00000008976.jpg,353
A00000051616.jpg,292
A00000033618.jpg,359
A00000069244.jpg,424
YELL_011.20180809.CYMCRI.01.jpg,317
A00000051589.jpg,325
A00000041383.jpg,223
A00000046099.jpg,232
A00000044094.jpg,267
A00000051172.jpg,264
A00000046123.jpg,231
A00000033587.jpg,425
A00000046094.jpg,239
A00000008914.jpg,240
A00000050035.jpg,255
A00000051578.jpg,281
A00000069246.jpg,280
A00000056864.jpg,281
A00000040726.jpg,336
A00000051590.jpg,305
A00000059784.jpg,270
A00000056857.jpg,334
A00000033585.jpg,358
A00000032963.jpg,266
A00000009171.jpg,297
A00000032929.jpg,264
A00000041431.jpg,224
A00000056860.jpg,261
A00000041422.jpg,226
A00000050033.jpg,273
A00000046226.jpg,270
A00000051521.jpg,258
A00000034570.jpg,444
A00000049743.jpg,366
A00000051179.jpg,223
CPER_003.S.20180719.EURGRO.01(45).jpg,241
A00000008916.jpg,327
A00000033602.jpg,394
A00000009164.jpg,337
A00000046100.jpg,248
A00000059777.jpg,272
A00000009166.jpg,351
A00000051168.jpg,260
A00000050028.jpg,402
A00000040679.jpg,241
A00000046097.jpg,240
A00000051190.jpg,277
A00000046120.jpg,244
A00000046117.jpg,239
A00000009170.jpg,271
A00000012434.jpg,250
A00000055530.jpg,494
A00000056858.jpg,310
A00000051621.jpg,442
A00000051604.jpg,253
A00000051167.jpg,264
A00000050022.jpg,244
A00000094703.jpg,234
A00000046122.jpg,244
A00000050024.jpg,355
A00000046106.jpg,223
A00000051525.jpg,247
A00000041414.jpg,223
A00000142976.jpg,222
A00000051554.jpg,258
A00000051598.jpg,293
GRSM_020.20180417.CARGOR.01.jpg,275
A00000046179.jpg,251
A00000051579.jpg,366
A00000046088.jpg,266
A00000041416.jpg,249
A00000051612.jpg,225
A00000034557.jpg,232
A00000046137.jpg,287
A00000051625.jpg,354
A00000046081.jpg,250
A00000008952.jpg,269
A00000050030.jpg,432
A00000046138.jpg,269
A00000049742.jpg,342
A00000033590.jpg,482
A00000040686.jpg,263
DELA_014.W.20180716.DICFUR2.01.jpg,365
A00000046074.jpg,274
A00000051171.jpg,382
A00000009143.jpg,335
A00000012961.jpg,227
A00000008915.jpg,285
A00000051600.jpg,224
A00000041403.jpg,228
A00000040719.jpg,338
A00000033605.jpg,379
A00000069242.jpg,240
A00000041396.jpg,224
A00000040687.jpg,242
A00000033652.jpg,425
A00000032912.jpg,360
A00000046071.jpg,230
A00000034543.jpg,310
A00000051162.jpg,279
A00000041361.jpg,243
A00000050025.jpg,243
A00000033588.jpg,325
A00000046116.jpg,262
A00000022058.jpg,403
A00000056900.jpg,278
A00000051581.jpg,381
A00000051173.jpg,283
A00000051189.jpg,274
RMNP_014.W.20180820.CALADV.01(12).jpg,402
A00000046069.jpg,247
A00000051178.jpg,358
A00000051186.jpg,239
A00000051620.jpg,321
A00000040691.jpg,240
A00000009162.jpg,331
A00000051595.jpg,293
HARV_008.W.20180814.PTEROS.01.jpg,374
A00000033584.jpg,324
A00000046185.jpg,346
A00000008978.jpg,237
A00000049812.jpg,223
A00000034547.jpg,232
A00000126375.jpg,296
A00000033619.jpg,380
A00000051530.jpg,249
A00000034559.jpg,233
A00000059780.jpg,268
A00000008920.jpg,240
RMNP_012.S.20180820.PTERES.01(10).jpg,404
A00000051180.jpg,276
A00000121908.jpg,296
RMNP_007.W.20180917.PTEPROZ.01(13).jpg,293
A00000051170.jpg,241
MLBS_002.E.20180522.CARABID.D.CARGOR(30).jpg,227
A00000059785.jpg,291
A00000033638.jpg,367
A00000044187.jpg,231
A00000046098.jpg,231
A00000050036.jpg,272
A00000051187.jpg,261
A00000022197.jpg,382
A00000051537.jpg,250
A00000051543.jpg,241
A00000034542.jpg,233
A00000033687.jpg,362
A00000033685.jpg,415
A00000056862.jpg,219
A00000040728.jpg,286
A00000040720.jpg,337
A00000034555.jpg,232
A00000046114.jpg,226
A00000051587.jpg,334
GRSM_012.20180417.CARGOR.01.jpg,317
A00000051614.jpg,294
A00000051182.jpg,265
A00000033639.jpg,442
A00000051536.jpg,242
A00000046299.jpg,245
A00000046082.jpg,245
A00000049798.jpg,242
A00000051529.jpg,257
A00000040699.jpg,240
A00000046177.jpg,232
A00000051542.jpg,224
STER_006.E.20180726.CYCTOR.01(15).jpg,374
A00000046070.jpg,249
A00000051527.jpg,259
A00000046111.jpg,231
A00000051177.jpg,381
A00000046096.jpg,285
A00000046183.jpg,223
A00000008962.jpg,241
A00000033655.jpg,428
A00000069270.jpg,400
A00000051538.jpg,294
A00000051622.jpg,290
A00000051526.jpg,255
A00000033573.jpg,425
A00000046105.jpg,231
A00000046227.jpg,238
CPER_004.E.20180705.EURGRO.01(14).jpg,261
A00000051556.jpg,323
A00000059781.jpg,271
A00000012430.jpg,244
A00000040683.jpg,266
A00000069265.jpg,232
