group_image,individual_image,px_to_cm
A00000051187,beetle_59.png,261
A00000051187,beetle_336.png,261
A00000051187,beetle_63.png,261
A00000051187,beetle_597.png,261
A00000051187,beetle_604.png,261
A00000033567,beetle_135.png,239
A00000033567,beetle_114.png,239
A00000033567,beetle_148.png,239
A00000033567,beetle_140.png,239
A00000033567,beetle_285.png,239
A00000033573,beetle_63.png,425
A00000033573,beetle_253.png,425
A00000033573,beetle_256.png,425
A00000033573,beetle_166.png,425
A00000033573,beetle_58.png,425
A00000041413,beetle_478.png,226
A00000041413,beetle_475.png,226
A00000041413,beetle_369.png,226
A00000041413,beetle_370.png,226
A00000046179,beetle_523.png,251
A00000046179,beetle_779.png,251
A00000046179,beetle_818.png,251
A00000046179,beetle_786.png,251
A00000046179,beetle_244.png,251
A00000044093,beetle_479.png,269
A00000044093,beetle_478.png,269
A00000044093,beetle_481.png,269
A00000044093,beetle_253.png,269
A00000044093,beetle_502.png,269
A00000051188,beetle_554.png,329
A00000051188,beetle_528.png,329
A00000051188,beetle_387.png,329
A00000051188,beetle_235.png,329
A00000051188,beetle_408.png,329
A00000033601,beetle_178.png,325
A00000033601,beetle_267.png,325
A00000033601,beetle_274.png,325
A00000033601,beetle_206.png,325
A00000033601,beetle_177.png,325
A00000033589,beetle_158.png,418
A00000033589,beetle_57.png,418
A00000033589,beetle_63.png,418
A00000033589,beetle_236.png,418
A00000033589,beetle_239.png,418
A00000051616,beetle_167.png,292
A00000051616,beetle_521.png,292
A00000051616,beetle_541.png,292
A00000051616,beetle_437.png,292
A00000051616,beetle_528.png,292
A00000040730,beetle_143.png,336
A00000040730,beetle_121.png,336
A00000040730,beetle_246.png,336
A00000040730,beetle_240.png,336
A00000040730,beetle_151.png,336
A00000034540,beetle_395.png,219
A00000034540,beetle_120.png,219
A00000034540,beetle_400.png,219
A00000034540,beetle_401.png,219
A00000034540,beetle_267.png,219
A00000051182,beetle_707.png,265
A00000051182,beetle_958.png,265
A00000051182,beetle_959.png,265
A00000051182,beetle_703.png,265
A00000051182,beetle_175.png,265
A00000051533,beetle_357.png,247
A00000051533,beetle_251.png,247
A00000051533,beetle_235.png,247
A00000051533,beetle_263.png,247
A00000051533,beetle_337.png,247
A00000051592,beetle_352.png,226
A00000051592,beetle_161.png,226
A00000051592,beetle_135.png,226
A00000051592,beetle_368.png,226
A00000051592,beetle_330.png,226
A00000049769,beetle_40.png,244
A00000049769,beetle_431.png,244
A00000049769,beetle_71.png,244
A00000049769,beetle_616.png,244
A00000049769,beetle_212.png,244
A00000012961,beetle_113.png,227
A00000012961,beetle_444.png,227
A00000012961,beetle_179.png,227
A00000012961,beetle_680.png,227
A00000012961,beetle_723.png,227
A00000040691,beetle_352.png,240
A00000040691,beetle_350.png,240
A00000040691,beetle_351.png,240
A00000040691,beetle_448.png,240
A00000040691,beetle_343.png,240
A00000051621,beetle_596.png,442
A00000051621,beetle_595.png,442
A00000051621,beetle_557.png,442
A00000051621,beetle_270.png,442
A00000051621,beetle_515.png,442
A00000050029,beetle_305.png,380
A00000050029,beetle_738.png,380
A00000050029,beetle_770.png,380
A00000050029,beetle_779.png,380
A00000050029,beetle_760.png,380
A00000069246,beetle_395.png,280
A00000069246,beetle_643.png,280
A00000069246,beetle_420.png,280
A00000069246,beetle_358.png,280
A00000069246,beetle_807.png,280
A00000012436,beetle_541.png,254
A00000012436,beetle_537.png,254
A00000012436,beetle_538.png,254
A00000012436,beetle_535.png,254
A00000012436,beetle_1257.png,254
A00000051617,beetle_59.png,334
A00000051617,beetle_150.png,334
A00000051617,beetle_57.png,334
A00000051617,beetle_129.png,334
A00000051617,beetle_336.png,334
A00000040692,beetle_314.png,240
A00000040692,beetle_315.png,240
A00000040692,beetle_316.png,240
A00000040692,beetle_539.png,240
A00000040692,beetle_320.png,240
A00000056861,beetle_120.png,299
A00000056861,beetle_518.png,299
A00000056861,beetle_337.png,299
A00000056861,beetle_200.png,299
A00000056861,beetle_495.png,299
A00000009164,beetle_440.png,337
A00000009164,beetle_1318.png,337
A00000009164,beetle_436.png,337
A00000046116,beetle_675.png,262
A00000046116,beetle_623.png,262
A00000046116,beetle_332.png,262
A00000046116,beetle_143.png,262
A00000046116,beetle_73.png,262
A00000051612,beetle_352.png,225
A00000051612,beetle_335.png,225
A00000051612,beetle_361.png,225
A00000051612,beetle_161.png,225
A00000051612,beetle_363.png,225
A00000041411,beetle_528.png,251
A00000041411,beetle_135.png,251
A00000041411,beetle_537.png,251
A00000041411,beetle_181.png,251
A00000041411,beetle_538.png,251
A00000050021,beetle_246.png,243
A00000050021,beetle_368.png,243
A00000050021,beetle_235.png,243
A00000050021,beetle_367.png,243
A00000050021,beetle_228.png,243
A00000049749,beetle_1138.png,357
A00000049749,beetle_1144.png,357
A00000049749,beetle_1162.png,357
A00000049749,beetle_1135.png,357
A00000049749,beetle_1050.png,357
A00000046090,beetle_275.png,246
A00000046090,beetle_410.png,246
A00000046090,beetle_267.png,246
A00000046090,beetle_264.png,246
A00000046090,beetle_268.png,246
A00000033672,beetle_158.png,418
A00000033672,beetle_314.png,418
A00000033672,beetle_143.png,418
A00000033672,beetle_315.png,418
A00000033672,beetle_114.png,418
A00000034569,beetle_211.png,231
A00000034569,beetle_707.png,231
A00000034569,beetle_472.png,231
A00000034569,beetle_237.png,231
A00000034569,beetle_467.png,231
A00000040703,beetle_395.png,242
A00000040703,beetle_675.png,242
A00000040703,beetle_410.png,242
A00000040703,beetle_401.png,242
A00000040703,beetle_274.png,242
A00000046096,beetle_135.png,285
A00000046096,beetle_391.png,285
A00000046096,beetle_584.png,285
A00000046096,beetle_379.png,285
A00000046096,beetle_581.png,285
A00000050040,beetle_350.png,336
A00000050040,beetle_361.png,336
A00000050040,beetle_481.png,336
A00000050040,beetle_351.png,336
A00000050040,beetle_343.png,336
A00000046117,beetle_388.png,239
A00000046117,beetle_125.png,239
A00000046117,beetle_100.png,239
A00000046117,beetle_392.png,239
A00000046117,beetle_695.png,239
A00000034555,beetle_206.png,232
A00000034555,beetle_311.png,232
A00000034555,beetle_65.png,232
A00000034555,beetle_64.png,232
A00000034555,beetle_338.png,232
A00000008914,beetle_294.png,240
A00000008914,beetle_420.png,240
A00000008914,beetle_541.png,240
A00000008914,beetle_429.png,240
A00000008914,beetle_293.png,240
A00000046154,beetle_596.png,271
A00000046154,beetle_107.png,271
A00000046154,beetle_282.png,271
A00000046154,beetle_571.png,271
A00000046154,beetle_269.png,271
A00000034570,beetle_237.png,444
A00000034570,beetle_190.png,444
A00000034570,beetle_222.png,444
A00000034570,beetle_225.png,444
A00000034570,beetle_214.png,444
A00000008920,beetle_305.png,240
A00000008920,beetle_183.png,240
A00000008920,beetle_595.png,240
A00000008920,beetle_310.png,240
A00000008920,beetle_459.png,240
A00000033588,beetle_167.png,325
A00000033588,beetle_400.png,325
A00000033588,beetle_251.png,325
A00000033588,beetle_420.png,325
A00000033588,beetle_282.png,325
A00000059783,beetle_521.png,271
A00000059783,beetle_687.png,271
A00000059783,beetle_695.png,271
A00000059783,beetle_239.png,271
A00000059783,beetle_723.png,271
A00000050033,beetle_351.png,273
A00000050033,beetle_565.png,273
A00000050033,beetle_557.png,273
A00000050033,beetle_239.png,273
A00000050033,beetle_355.png,273
A00000046124,beetle_791.png,247
A00000046124,beetle_1144.png,247
A00000046124,beetle_784.png,247
A00000046124,beetle_1182.png,247
A00000046124,beetle_429.png,247
A00000041436,beetle_378.png,261
A00000041436,beetle_521.png,261
A00000041436,beetle_554.png,261
A00000041436,beetle_51.png,261
A00000041436,beetle_387.png,261
A00000033691,beetle_71.png,422
A00000033691,beetle_87.png,422
A00000033691,beetle_270.png,422
A00000033691,beetle_67.png,422
A00000033691,beetle_265.png,422
A00000044566,beetle_503.png,285
A00000044566,beetle_504.png,285
A00000044566,beetle_67.png,285
A00000044566,beetle_246.png,285
A00000044566,beetle_239.png,285
A00000012923,beetle_59.png,228
A00000012923,beetle_798.png,228
A00000012923,beetle_73.png,228
A00000012923,beetle_71.png,228
A00000012923,beetle_312.png,228
A00000051554,beetle_167.png,258
A00000051554,beetle_456.png,258
A00000051554,beetle_523.png,258
A00000051554,beetle_588.png,258
A00000051554,beetle_798.png,258
A00000056860,beetle_2011.png,261
A00000056860,beetle_909.png,261
A00000056860,beetle_2034.png,261
A00000056860,beetle_1450.png,261
A00000056860,beetle_1439.png,261
A00000033669,beetle_158.png,355
A00000033669,beetle_487.png,355
A00000033669,beetle_227.png,355
A00000033669,beetle_226.png,355
A00000033669,beetle_105.png,355
A00000056858,beetle_158.png,310
A00000056858,beetle_300.png,310
A00000056858,beetle_306.png,310
A00000056858,beetle_135.png,310
A00000056858,beetle_387.png,310
A00000008918,beetle_733.png,412
A00000008918,beetle_401.png,412
A00000008918,beetle_589.png,412
A00000008918,beetle_579.png,412
A00000008918,beetle_404.png,412
A00000050024,beetle_839.png,355
A00000050024,beetle_1205.png,355
A00000050024,beetle_980.png,355
A00000050024,beetle_553.png,355
A00000050024,beetle_1207.png,355
A00000008981,beetle_525.png,287
A00000008981,beetle_468.png,287
A00000008981,beetle_1166.png,287
A00000008981,beetle_1159.png,287
A00000008981,beetle_526.png,287
A00000051181,beetle_453.png,223
A00000051181,beetle_1244.png,223
A00000051181,beetle_455.png,223
A00000051181,beetle_443.png,223
A00000051181,beetle_1331.png,223
A00000046076,beetle_107.png,246
A00000046076,beetle_40.png,246
A00000046076,beetle_227.png,246
A00000046076,beetle_226.png,246
A00000046076,beetle_224.png,246
A00000046086,beetle_395.png,283
A00000046086,beetle_410.png,283
A00000046086,beetle_97.png,283
A00000046086,beetle_403.png,283
A00000046086,beetle_398.png,283
A00000033571,beetle_503.png,236
A00000033571,beetle_50.png,236
A00000033571,beetle_595.png,236
A00000033571,beetle_479.png,236
A00000033571,beetle_129.png,236
A00000044567,beetle_533.png,274
A00000044567,beetle_539.png,274
A00000044567,beetle_578.png,274
A00000044567,beetle_524.png,274
A00000044567,beetle_580.png,274
A00000051577,beetle_688.png,299
A00000051577,beetle_107.png,299
A00000051577,beetle_675.png,299
A00000051577,beetle_588.png,299
A00000051577,beetle_687.png,299
A00000033638,beetle_441.png,367
A00000033638,beetle_303.png,367
A00000033638,beetle_437.png,367
A00000033638,beetle_253.png,367
A00000033638,beetle_318.png,367
A00000012430,beetle_897.png,244
A00000012430,beetle_401.png,244
A00000012430,beetle_412.png,244
A00000012430,beetle_408.png,244
A00000051600,beetle_395.png,224
A00000051600,beetle_294.png,224
A00000051600,beetle_291.png,224
A00000051600,beetle_193.png,224
A00000051600,beetle_385.png,224
A00000033585,beetle_48.png,358
A00000033585,beetle_50.png,358
A00000033585,beetle_46.png,358
A00000033585,beetle_148.png,358
A00000033585,beetle_34.png,358
A00000009015,beetle_892.png,333
A00000009015,beetle_267.png,333
A00000009015,beetle_568.png,333
A00000009015,beetle_902.png,333
A00000009015,beetle_883.png,333
A00000046118,beetle_318.png,359
A00000046118,beetle_366.png,359
A00000046118,beetle_323.png,359
A00000046118,beetle_367.png,359
A00000046118,beetle_171.png,359
A00000046089,beetle_588.png,241
A00000046089,beetle_401.png,241
A00000046089,beetle_550.png,241
A00000046089,beetle_281.png,241
A00000046089,beetle_278.png,241
A00000040689,beetle_503.png,240
A00000040689,beetle_565.png,240
A00000040689,beetle_381.png,240
A00000040689,beetle_422.png,240
A00000040689,beetle_403.png,240
A00000040728,beetle_736.png,286
A00000040728,beetle_265.png,286
A00000040728,beetle_269.png,286
A00000040728,beetle_706.png,286
A00000043621,beetle_852.png,255
A00000043621,beetle_329.png,255
A00000043621,beetle_330.png,255
A00000043621,beetle_584.png,255
A00000043621,beetle_851.png,255
A00000051527,beetle_493.png,259
A00000051527,beetle_541.png,259
A00000051527,beetle_189.png,259
A00000051527,beetle_371.png,259
A00000051527,beetle_73.png,259
A00000040690,beetle_441.png,240
A00000040690,beetle_100.png,240
A00000040690,beetle_104.png,240
A00000040690,beetle_371.png,240
A00000040690,beetle_429.png,240
A00000051557,beetle_119.png,290
A00000051557,beetle_100.png,290
A00000051557,beetle_508.png,290
A00000051557,beetle_588.png,290
A00000051557,beetle_638.png,290
A00000069273,beetle_643.png,280
A00000069273,beetle_392.png,280
A00000069273,beetle_501.png,280
A00000069273,beetle_542.png,280
A00000069273,beetle_636.png,280
A00000051525,beetle_460.png,247
A00000051525,beetle_504.png,247
A00000051525,beetle_492.png,247
A00000051525,beetle_322.png,247
A00000051525,beetle_375.png,247
A00000051167,beetle_1044.png,264
A00000051167,beetle_651.png,264
A00000051167,beetle_248.png,264
A00000051167,beetle_246.png,264
A00000051167,beetle_664.png,264
A00000051590,beetle_300.png,305
A00000051590,beetle_357.png,305
A00000051590,beetle_358.png,305
A00000051590,beetle_301.png,305
A00000051590,beetle_212.png,305
A00000046185,beetle_350.png,346
A00000046185,beetle_299.png,346
A00000046185,beetle_112.png,346
A00000046185,beetle_351.png,346
A00000046185,beetle_283.png,346
A00000050020,beetle_335.png,256
A00000050020,beetle_293.png,256
A00000050020,beetle_315.png,256
A00000050020,beetle_515.png,256
A00000050020,beetle_518.png,256
A00000051178,beetle_90.png,358
A00000051178,beetle_473.png,358
A00000051178,beetle_100.png,358
A00000051178,beetle_554.png,358
A00000051178,beetle_410.png,358
A00000008952,beetle_622.png,269
A00000008952,beetle_441.png,269
A00000008952,beetle_267.png,269
A00000008952,beetle_650.png,269
A00000008952,beetle_273.png,269
A00000051171,beetle_119.png,382
A00000051171,beetle_71.png,382
A00000051171,beetle_112.png,382
A00000051171,beetle_161.png,382
A00000051171,beetle_56.png,382
A00000051183,beetle_388.png,359
A00000051183,beetle_394.png,359
A00000051183,beetle_392.png,359
A00000051183,beetle_332.png,359
A00000051183,beetle_143.png,359
A00000009160,beetle_448.png,268
A00000009160,beetle_440.png,268
A00000009160,beetle_404.png,268
A00000009160,beetle_726.png,268
A00000009160,beetle_442.png,268
A00000049812,beetle_1551.png,223
A00000049812,beetle_973.png,223
A00000049812,beetle_820.png,223
A00000049812,beetle_1321.png,223
A00000049812,beetle_1576.png,223
A00000051610,beetle_479.png,291
A00000051610,beetle_481.png,291
A00000051610,beetle_550.png,291
A00000051610,beetle_363.png,291
A00000051610,beetle_491.png,291
A00000051598,beetle_523.png,293
A00000051598,beetle_310.png,293
A00000051598,beetle_119.png,293
A00000051598,beetle_100.png,293
A00000051598,beetle_410.png,293
A00000041431,beetle_300.png,224
A00000041431,beetle_429.png,224
A00000041431,beetle_515.png,224
A00000041431,beetle_235.png,224
A00000041431,beetle_239.png,224
A00000033618,beetle_148.png,359
A00000033618,beetle_199.png,359
A00000033618,beetle_97.png,359
A00000033618,beetle_222.png,359
A00000033618,beetle_153.png,359
A00000059777,beetle_521.png,272
A00000059777,beetle_508.png,272
A00000059777,beetle_178.png,272
A00000059777,beetle_636.png,272
A00000059777,beetle_567.png,272
A00000046178,beetle_189.png,246
A00000046178,beetle_449.png,246
A00000046178,beetle_190.png,246
A00000046178,beetle_448.png,246
A00000046178,beetle_445.png,246
A00000046075,beetle_429.png,272
A00000046075,beetle_424.png,272
A00000046075,beetle_427.png,272
A00000046075,beetle_416.png,272
A00000033670,beetle_291.png,427
A00000033670,beetle_268.png,427
A00000033670,beetle_106.png,427
A00000033670,beetle_115.png,427
A00000033670,beetle_284.png,427
A00000137178,beetle_294.png,225
A00000137178,beetle_267.png,225
A00000137178,beetle_293.png,225
A00000137178,beetle_190.png,225
A00000137178,beetle_12.png,225
A00000033653,beetle_31.png,294
A00000033653,beetle_335.png,294
A00000033653,beetle_332.png,294
A00000033653,beetle_279.png,294
A00000033653,beetle_237.png,294
A00000046093,beetle_622.png,268
A00000046093,beetle_623.png,268
A00000046093,beetle_178.png,268
A00000046093,beetle_487.png,268
A00000046093,beetle_163.png,268
A00000033622,beetle_472.png,363
A00000033622,beetle_145.png,363
A00000033622,beetle_227.png,363
A00000033622,beetle_206.png,363
A00000033622,beetle_226.png,363
A00000040717,beetle_549.png,275
A00000040717,beetle_548.png,275
A00000040717,beetle_1586.png,275
A00000033651,beetle_50.png,349
A00000033651,beetle_90.png,349
A00000033651,beetle_49.png,349
A00000033651,beetle_189.png,349
A00000033651,beetle_186.png,349
A00000051625,beetle_805.png,354
A00000051625,beetle_736.png,354
A00000051625,beetle_1515.png,354
A00000051625,beetle_1659.png,354
A00000051625,beetle_1521.png,354
A00000069242,beetle_223.png,240
A00000069242,beetle_209.png,240
A00000050019,beetle_1037.png,395
A00000050019,beetle_1235.png,395
A00000050019,beetle_332.png,395
A00000050019,beetle_330.png,395
A00000050019,beetle_1234.png,395
A00000033674,beetle_251.png,397
A00000033674,beetle_189.png,397
A00000033674,beetle_186.png,397
A00000033674,beetle_253.png,397
A00000033674,beetle_177.png,397
A00000051166,beetle_81.png,341
A00000051166,beetle_317.png,341
A00000051166,beetle_386.png,341
A00000051166,beetle_245.png,341
A00000051166,beetle_171.png,341
A00000046298,beetle_332.png,248
A00000046298,beetle_112.png,248
A00000046298,beetle_672.png,248
A00000046298,beetle_1050.png,248
A00000046298,beetle_992.png,248
A00000032879,beetle_596.png,256
A00000032879,beetle_293.png,256
A00000032879,beetle_437.png,256
A00000032879,beetle_194.png,256
A00000032879,beetle_434.png,256
A00000034545,beetle_493.png,233
A00000034545,beetle_392.png,233
A00000034545,beetle_391.png,233
A00000034545,beetle_248.png,233
A00000034545,beetle_491.png,233
A00000051174,beetle_717.png,282
A00000051174,beetle_361.png,282
A00000051174,beetle_687.png,282
A00000051174,beetle_601.png,282
A00000051174,beetle_711.png,282
A00000040699,beetle_493.png,240
A00000040699,beetle_357.png,240
A00000040699,beetle_460.png,240
A00000040699,beetle_491.png,240
A00000040699,beetle_329.png,240
A00000041430,beetle_355.png,243
A00000041430,beetle_385.png,243
A00000041430,beetle_153.png,243
A00000041430,beetle_353.png,243
A00000041430,beetle_154.png,243
A00000046108,beetle_917.png,246
A00000046108,beetle_357.png,246
A00000046108,beetle_598.png,246
A00000046108,beetle_358.png,246
A00000046108,beetle_805.png,246
A00000051177,beetle_211.png,381
A00000051177,beetle_71.png,381
A00000051177,beetle_176.png,381
A00000051177,beetle_121.png,381
A00000051177,beetle_132.png,381
A00000046173,beetle_158.png,232
A00000046173,beetle_479.png,232
A00000046173,beetle_478.png,232
A00000046173,beetle_554.png,232
A00000046173,beetle_420.png,232
A00000059784,beetle_301.png,270
A00000059784,beetle_617.png,270
A00000059784,beetle_522.png,270
A00000059784,beetle_43.png,270
A00000059784,beetle_605.png,270
A00000049742,beetle_129.png,342
A00000049742,beetle_315.png,342
A00000049742,beetle_298.png,342
A00000049742,beetle_177.png,342
A00000049742,beetle_567.png,342
A00000050023,beetle_59.png,244
A00000050023,beetle_169.png,244
A00000050023,beetle_282.png,244
A00000050023,beetle_277.png,244
A00000050023,beetle_283.png,244
A00000046079,beetle_125.png,231
A00000046079,beetle_531.png,231
A00000046079,beetle_113.png,231
A00000046079,beetle_553.png,231
A00000046079,beetle_19.png,231
A00000041653,beetle_400.png,242
A00000041653,beetle_654.png,242
A00000041653,beetle_335.png,242
A00000041653,beetle_420.png,242
A00000041653,beetle_267.png,242
A00000049746,beetle_301.png,226
A00000049746,beetle_611.png,226
A00000049746,beetle_318.png,226
A00000049746,beetle_291.png,226
A00000049746,beetle_199.png,226
A00000009168,beetle_448.png,274
A00000009168,beetle_454.png,274
A00000009168,beetle_575.png,274
A00000009168,beetle_573.png,274
A00000009168,beetle_566.png,274
A00000033620,beetle_303.png,423
A00000033620,beetle_221.png,423
A00000033620,beetle_231.png,423
A00000033620,beetle_308.png,423
A00000033620,beetle_43.png,423
A00000051168,beetle_251.png,260
A00000051168,beetle_819.png,260
A00000051168,beetle_818.png,260
A00000051168,beetle_1219.png,260
A00000051168,beetle_823.png,260
A00000142976,beetle_224.png,222
A00000142976,beetle_95.png,222
A00000142976,beetle_579.png,222
A00000142976,beetle_10.png,222
A00000142976,beetle_220.png,222
A00000050041,beetle_314.png,243
A00000050041,beetle_312.png,243
A00000050041,beetle_315.png,243
A00000050041,beetle_75.png,243
A00000050041,beetle_181.png,243
A00000051601,beetle_107.png,337
A00000051601,beetle_40.png,337
A00000051601,beetle_112.png,337
A00000051601,beetle_237.png,337
A00000051601,beetle_317.png,337
A00000033602,beetle_59.png,394
A00000033602,beetle_31.png,394
A00000033602,beetle_314.png,394
A00000033602,beetle_49.png,394
A00000033602,beetle_73.png,394
A00000033634,beetle_891.png,376
A00000033634,beetle_396.png,376
A00000033634,beetle_667.png,376
A00000033634,beetle_365.png,376
A00000033634,beetle_673.png,376
A00000033635,beetle_189.png,354
A00000033635,beetle_246.png,354
A00000033635,beetle_78.png,354
A00000033635,beetle_61.png,354
A00000033635,beetle_76.png,354
A00000040726,beetle_431.png,336
A00000040726,beetle_306.png,336
A00000040726,beetle_237.png,336
A00000040726,beetle_212.png,336
A00000040726,beetle_318.png,336
A00000046299,beetle_143.png,245
A00000046299,beetle_937.png,245
A00000046299,beetle_346.png,245
A00000046299,beetle_934.png,245
A00000046299,beetle_936.png,245
A00000046305,beetle_50.png,223
A00000046305,beetle_554.png,223
A00000046305,beetle_49.png,223
A00000046305,beetle_978.png,223
A00000046305,beetle_487.png,223
A00000051611,beetle_158.png,295
A00000051611,beetle_107.png,295
A00000051611,beetle_294.png,295
A00000051611,beetle_227.png,295
A00000051611,beetle_346.png,295
A00000056864,beetle_834.png,281
A00000056864,beetle_1139.png,281
A00000056864,beetle_1137.png,281
A00000056864,beetle_286.png,281
A00000056864,beetle_1947.png,281
A00000033668,beetle_223.png,356
A00000033668,beetle_143.png,356
A00000033668,beetle_236.png,356
A00000033668,beetle_239.png,356
A00000033668,beetle_470.png,356
A00000034536,beetle_643.png,411
A00000034536,beetle_449.png,411
A00000034536,beetle_486.png,411
A00000034536,beetle_467.png,411
A00000034536,beetle_454.png,411
A00000033639,beetle_51.png,442
A00000033639,beetle_87.png,442
A00000033639,beetle_113.png,442
A00000033639,beetle_264.png,442
A00000033639,beetle_265.png,442
A00000051175,beetle_388.png,219
A00000051175,beetle_791.png,219
A00000051175,beetle_820.png,219
A00000051175,beetle_688.png,219
A00000051175,beetle_958.png,219
A00000050037,beetle_622.png,353
A00000050037,beetle_683.png,353
A00000050037,beetle_420.png,353
A00000050037,beetle_161.png,353
A00000050037,beetle_403.png,353
A00000049760,beetle_178.png,245
A00000049760,beetle_190.png,245
A00000049760,beetle_448.png,245
A00000049760,beetle_56.png,245
A00000049760,beetle_171.png,245
A00000069267,beetle_169.png,309
A00000069267,beetle_227.png,309
A00000069267,beetle_230.png,309
A00000069267,beetle_258.png,309
A00000051588,beetle_654.png,330
A00000051588,beetle_314.png,330
A00000051588,beetle_178.png,330
A00000051588,beetle_189.png,330
A00000051588,beetle_651.png,330
A00000069247,beetle_227.png,304
A00000069247,beetle_565.png,304
A00000069247,beetle_236.png,304
A00000069247,beetle_549.png,304
A00000069247,beetle_563.png,304
A00000051162,beetle_299.png,279
A00000051162,beetle_279.png,279
A00000051162,beetle_298.png,279
A00000051162,beetle_303.png,279
A00000051162,beetle_474.png,279
A00000051522,beetle_332.png,257
A00000051522,beetle_161.png,257
A00000051522,beetle_293.png,257
A00000051522,beetle_277.png,257
A00000051522,beetle_318.png,257
A00000051596,beetle_1020.png,278
A00000051596,beetle_688.png,278
A00000051596,beetle_914.png,278
A00000051596,beetle_1113.png,278
A00000051596,beetle_1305.png,278
A00000046181,beetle_395.png,243
A00000046181,beetle_203.png,243
A00000046181,beetle_429.png,243
A00000046181,beetle_550.png,243
A00000046181,beetle_537.png,243
A00000046098,beetle_312.png,231
A00000046098,beetle_244.png,231
A00000046098,beetle_330.png,231
A00000046098,beetle_221.png,231
A00000046098,beetle_313.png,231
A00000051559,beetle_596.png,227
A00000051559,beetle_394.png,227
A00000051559,beetle_300.png,227
A00000051559,beetle_1113.png,227
A00000051559,beetle_774.png,227
A00000051185,beetle_167.png,277
A00000051185,beetle_521.png,277
A00000051185,beetle_223.png,277
A00000051185,beetle_683.png,277
A00000051185,beetle_707.png,277
A00000046225,beetle_546.png,270
A00000046225,beetle_898.png,270
A00000046225,beetle_944.png,270
A00000046225,beetle_900.png,270
A00000046225,beetle_540.png,270
A00000059781,beetle_837.png,271
A00000059781,beetle_738.png,271
A00000059781,beetle_541.png,271
A00000059781,beetle_840.png,271
A00000059781,beetle_555.png,271
A00000050014,beetle_183.png,340
A00000050014,beetle_294.png,340
A00000050014,beetle_371.png,340
A00000050014,beetle_387.png,340
A00000050014,beetle_389.png,340
A00000032912,beetle_294.png,360
A00000032912,beetle_293.png,360
A00000032912,beetle_121.png,360
A00000032912,beetle_625.png,360
A00000032912,beetle_366.png,360
A00000049773,beetle_50.png,244
A00000049773,beetle_357.png,244
A00000049773,beetle_361.png,244
A00000049773,beetle_49.png,244
A00000049773,beetle_358.png,244
A00000012429,beetle_928.png,229
A00000012429,beetle_598.png,229
A00000012429,beetle_616.png,229
A00000012429,beetle_972.png,229
A00000046180,beetle_183.png,245
A00000046180,beetle_81.png,245
A00000046180,beetle_392.png,245
A00000046180,beetle_189.png,245
A00000046180,beetle_177.png,245
A00000051623,beetle_227.png,335
A00000051623,beetle_190.png,335
A00000051623,beetle_226.png,335
A00000051623,beetle_72.png,335
A00000051623,beetle_228.png,335
A00000051584,beetle_211.png,342
A00000051584,beetle_120.png,342
A00000051584,beetle_294.png,342
A00000051584,beetle_119.png,342
A00000051584,beetle_81.png,342
A00000050030,beetle_203.png,432
A00000050030,beetle_401.png,432
A00000050030,beetle_440.png,432
A00000050030,beetle_404.png,432
A00000050030,beetle_201.png,432
A00000051534,beetle_473.png,250
A00000051534,beetle_358.png,250
A00000051534,beetle_429.png,250
A00000051534,beetle_336.png,250
A00000051534,beetle_227.png,250
A00000033673,beetle_49.png,221
A00000033673,beetle_178.png,221
A00000033673,beetle_282.png,221
A00000033673,beetle_487.png,221
A00000033673,beetle_283.png,221
A00000041422,beetle_100.png,226
A00000041422,beetle_178.png,226
A00000041422,beetle_176.png,226
A00000041422,beetle_99.png,226
A00000041422,beetle_106.png,226
A00000051575,beetle_441.png,290
A00000051575,beetle_541.png,290
A00000051575,beetle_332.png,290
A00000051575,beetle_437.png,290
A00000051575,beetle_545.png,290
A00000051597,beetle_834.png,255
A00000051597,beetle_937.png,255
A00000051597,beetle_633.png,255
A00000051597,beetle_253.png,255
A00000051597,beetle_818.png,255
A00000046088,beetle_300.png,266
A00000046088,beetle_595.png,266
A00000046088,beetle_598.png,266
A00000046088,beetle_807.png,266
A00000046088,beetle_298.png,266
A00000041399,beetle_305.png,248
A00000041399,beetle_275.png,248
A00000041399,beetle_493.png,248
A00000041399,beetle_129.png,248
A00000041399,beetle_274.png,248
A00000051551,beetle_596.png,296
A00000051551,beetle_595.png,296
A00000051551,beetle_401.png,296
A00000051551,beetle_598.png,296
A00000051551,beetle_129.png,296
A00000046104,beetle_211.png,247
A00000046104,beetle_294.png,247
A00000046104,beetle_683.png,247
A00000046104,beetle_460.png,247
A00000046104,beetle_336.png,247
A00000034542,beetle_371.png,233
A00000034542,beetle_501.png,233
A00000034542,beetle_190.png,233
A00000034542,beetle_363.png,233
A00000034542,beetle_265.png,233
A00000050038,beetle_395.png,321
A00000050038,beetle_211.png,321
A00000050038,beetle_107.png,321
A00000050038,beetle_381.png,321
A00000050038,beetle_208.png,321
A00000033689,beetle_300.png,424
A00000033689,beetle_429.png,424
A00000033689,beetle_293.png,424
A00000033689,beetle_303.png,424
A00000033689,beetle_415.png,424
A00000051627,beetle_688.png,225
A00000051627,beetle_361.png,225
A00000051627,beetle_687.png,225
A00000051627,beetle_779.png,225
A00000051627,beetle_351.png,225
A00000049768,beetle_352.png,244
A00000049768,beetle_31.png,244
A00000049768,beetle_754.png,244
A00000049768,beetle_616.png,244
A00000049768,beetle_611.png,244
A00000034567,beetle_186.png,234
A00000034567,beetle_448.png,234
A00000034567,beetle_511.png,234
A00000034567,beetle_444.png,234
A00000034567,beetle_553.png,234
A00000041652,beetle_394.png,237
A00000041652,beetle_420.png,237
A00000041652,beetle_227.png,237
A00000041652,beetle_415.png,237
A00000041652,beetle_291.png,237
A00000069265,beetle_200.png,232
A00000069265,beetle_219.png,232
A00000069265,beetle_215.png,232
A00000051529,beetle_158.png,257
A00000051529,beetle_400.png,257
A00000051529,beetle_392.png,257
A00000051529,beetle_623.png,257
A00000051529,beetle_293.png,257
A00000046114,beetle_335.png,226
A00000046114,beetle_554.png,226
A00000046114,beetle_508.png,226
A00000046114,beetle_502.png,226
A00000046114,beetle_403.png,226
A00000069257,beetle_203.png,234
A00000069257,beetle_226.png,234
A00000040723,beetle_675.png,294
A00000040723,beetle_277.png,294
A00000040723,beetle_287.png,294
A00000040723,beetle_851.png,294
A00000040723,beetle_1152.png,294
A00000041381,beetle_357.png,224
A00000041381,beetle_251.png,224
A00000041381,beetle_472.png,224
A00000041381,beetle_545.png,224
A00000041381,beetle_542.png,224
A00000051543,beetle_657.png,241
A00000051543,beetle_798.png,241
A00000051543,beetle_92.png,241
A00000051543,beetle_163.png,241
A00000051543,beetle_786.png,241
A00000051528,beetle_683.png,250
A00000051528,beetle_638.png,250
A00000051528,beetle_695.png,250
A00000051528,beetle_591.png,250
A00000051528,beetle_696.png,250
A00000121908,beetle_456.png,296
A00000121908,beetle_431.png,296
A00000121908,beetle_293.png,296
A00000121908,beetle_306.png,296
A00000121908,beetle_604.png,296
A00000046095,beetle_456.png,285
A00000046095,beetle_59.png,285
A00000046095,beetle_459.png,285
A00000046095,beetle_237.png,285
A00000046095,beetle_261.png,285
A00000051163,beetle_395.png,260
A00000051163,beetle_401.png,260
A00000051163,beetle_695.png,260
A00000051163,beetle_1157.png,260
A00000051163,beetle_1188.png,260
A00000046121,beetle_875.png,247
A00000046121,beetle_824.png,247
A00000046121,beetle_420.png,247
A00000046121,beetle_859.png,247
A00000046121,beetle_836.png,247
A00000051526,beetle_381.png,255
A00000051526,beetle_389.png,255
A00000051526,beetle_311.png,255
A00000051526,beetle_383.png,255
A00000051526,beetle_307.png,255
A00000033587,beetle_459.png,425
A00000033587,beetle_176.png,425
A00000033587,beetle_298.png,425
A00000033587,beetle_283.png,425
A00000033587,beetle_177.png,425
A00000033637,beetle_394.png,364
A00000033637,beetle_275.png,364
A00000033637,beetle_392.png,364
A00000033637,beetle_283.png,364
A00000033637,beetle_391.png,364
A00000050042,beetle_378.png,244
A00000050042,beetle_368.png,244
A00000050042,beetle_160.png,244
A00000050042,beetle_379.png,244
A00000050042,beetle_133.png,244
A00000051615,beetle_395.png,384
A00000051615,beetle_135.png,384
A00000051615,beetle_531.png,384
A00000051615,beetle_387.png,384
A00000051615,beetle_537.png,384
A00000040676,beetle_400.png,243
A00000040676,beetle_351.png,243
A00000040676,beetle_283.png,243
A00000040676,beetle_346.png,243
A00000040676,beetle_291.png,243
A00000041363,beetle_305.png,223
A00000041363,beetle_120.png,223
A00000041363,beetle_314.png,223
A00000041363,beetle_236.png,223
A00000041363,beetle_115.png,223
A00000009170,beetle_1215.png,271
A00000009170,beetle_263.png,271
A00000009170,beetle_1216.png,271
A00000009170,beetle_231.png,271
A00000009170,beetle_901.png,271
A00000059782,beetle_598.png,272
A00000059782,beetle_672.png,272
A00000059782,beetle_387.png,272
A00000059782,beetle_114.png,272
A00000059782,beetle_111.png,272
A00000051604,beetle_305.png,253
A00000051604,beetle_456.png,253
A00000051604,beetle_441.png,253
A00000051604,beetle_707.png,253
A00000051604,beetle_361.png,253
A00000069244,beetle_221.png,424
A00000069244,beetle_201.png,424
A00000069244,beetle_215.png,424
A00000046111,beetle_349.png,231
A00000046111,beetle_163.png,231
A00000046111,beetle_346.png,231
A00000046111,beetle_235.png,231
A00000046111,beetle_166.png,231
A00000049759,beetle_314.png,246
A00000049759,beetle_293.png,246
A00000049759,beetle_28.png,246
A00000049759,beetle_283.png,246
A00000049759,beetle_132.png,246
A00000046097,beetle_784.png,240
A00000046097,beetle_503.png,240
A00000046097,beetle_479.png,240
A00000046097,beetle_779.png,240
A00000046097,beetle_537.png,240
A00000008978,beetle_767.png,237
A00000008978,beetle_1117.png,237
A00000008978,beetle_749.png,237
A00000008978,beetle_1157.png,237
A00000008978,beetle_1368.png,237
A00000044094,beetle_935.png,267
A00000044094,beetle_937.png,267
A00000044094,beetle_621.png,267
A00000044094,beetle_616.png,267
A00000044094,beetle_934.png,267
A00000040729,beetle_81.png,317
A00000040729,beetle_541.png,317
A00000040729,beetle_293.png,317
A00000040729,beetle_545.png,317
A00000040729,beetle_283.png,317
A00000009143,beetle_1204.png,335
A00000008962,beetle_596.png,241
A00000008962,beetle_203.png,241
A00000008962,beetle_357.png,241
A00000008962,beetle_352.png,241
A00000008962,beetle_204.png,241
A00000034547,beetle_315.png,232
A00000034547,beetle_283.png,232
A00000034547,beetle_537.png,232
A00000034547,beetle_538.png,232
A00000034547,beetle_224.png,232
A00000059786,beetle_223.png,237
A00000059786,beetle_623.png,237
A00000059786,beetle_621.png,237
A00000059786,beetle_501.png,237
A00000059786,beetle_625.png,237
A00000008916,beetle_378.png,327
A00000008916,beetle_357.png,327
A00000008916,beetle_1464.png,327
A00000008916,beetle_1660.png,327
A00000008916,beetle_911.png,327
A00000040696,beetle_420.png,242
A00000040696,beetle_415.png,242
A00000040696,beetle_424.png,242
A00000040696,beetle_297.png,242
A00000040696,beetle_470.png,242
A00000046184,beetle_596.png,268
A00000046184,beetle_251.png,268
A00000046184,beetle_568.png,268
A00000046184,beetle_186.png,268
A00000046184,beetle_567.png,268
A00000046071,beetle_183.png,230
A00000046071,beetle_358.png,230
A00000046071,beetle_351.png,230
A00000046071,beetle_491.png,230
A00000046071,beetle_444.png,230
A00000012434,beetle_456.png,250
A00000012434,beetle_301.png,250
A00000012434,beetle_303.png,250
A00000012434,beetle_306.png,250
A00000012434,beetle_589.png,250
A00000051184,beetle_892.png,276
A00000051184,beetle_378.png,276
A00000051184,beetle_791.png,276
A00000051184,beetle_244.png,276
A00000051184,beetle_389.png,276
A00000046110,beetle_400.png,249
A00000046110,beetle_837.png,249
A00000046110,beetle_834.png,249
A00000046110,beetle_279.png,249
A00000046110,beetle_417.png,249
A00000043638,beetle_350.png,228
A00000043638,beetle_643.png,228
A00000043638,beetle_828.png,228
A00000043638,beetle_886.png,228
A00000043638,beetle_301.png,228
A00000046078,beetle_46.png,249
A00000046078,beetle_34.png,249
A00000046078,beetle_38.png,249
A00000046078,beetle_165.png,249
A00000046078,beetle_160.png,249
A00000009167,beetle_767.png,263
A00000009167,beetle_186.png,263
A00000009167,beetle_773.png,263
A00000009167,beetle_161.png,263
A00000009167,beetle_472.png,263
A00000051589,beetle_305.png,325
A00000051589,beetle_310.png,325
A00000051589,beetle_134.png,325
A00000051589,beetle_301.png,325
A00000051589,beetle_298.png,325
A00000051542,beetle_806.png,224
A00000051542,beetle_456.png,224
A00000051542,beetle_917.png,224
A00000051542,beetle_785.png,224
A00000051542,beetle_928.png,224
A00000034558,beetle_733.png,258
A00000034558,beetle_401.png,258
A00000034558,beetle_1014.png,258
A00000034558,beetle_1007.png,258
A00000034558,beetle_1351.png,258
A00000051549,beetle_211.png,288
A00000051549,beetle_400.png,288
A00000051549,beetle_119.png,288
A00000051549,beetle_314.png,288
A00000051549,beetle_554.png,288
A00000040686,beetle_293.png,263
A00000040686,beetle_368.png,263
A00000040686,beetle_284.png,263
A00000040686,beetle_379.png,263
A00000040686,beetle_307.png,263
A00000041420,beetle_588.png,243
A00000041420,beetle_431.png,243
A00000041420,beetle_121.png,243
A00000041420,beetle_212.png,243
A00000041420,beetle_449.png,243
A00000050039,beetle_1380.png,232
A00000050039,beetle_1425.png,232
A00000050039,beetle_299.png,232
A00000050039,beetle_410.png,232
A00000050039,beetle_401.png,232
A00000049748,beetle_183.png,283
A00000049748,beetle_357.png,283
A00000049748,beetle_251.png,283
A00000049748,beetle_267.png,283
A00000049748,beetle_189.png,283
A00000041414,beetle_554.png,223
A00000041414,beetle_401.png,223
A00000041414,beetle_541.png,223
A00000041414,beetle_186.png,223
A00000041414,beetle_515.png,223
A00000046069,beetle_350.png,247
A00000046069,beetle_358.png,247
A00000046069,beetle_487.png,247
A00000046069,beetle_236.png,247
A00000046069,beetle_468.png,247
A00000046300,beetle_352.png,227
A00000046300,beetle_31.png,227
A00000046300,beetle_129.png,227
A00000046300,beetle_277.png,227
A00000046300,beetle_528.png,227
A00000051606,beetle_394.png,297
A00000051606,beetle_203.png,297
A00000051606,beetle_400.png,297
A00000051606,beetle_441.png,297
A00000051606,beetle_335.png,297
A00000051545,beetle_623.png,225
A00000051545,beetle_621.png,225
A00000051545,beetle_611.png,225
A00000051545,beetle_610.png,225
A00000051545,beetle_630.png,225
A00000040719,beetle_90.png,338
A00000040719,beetle_251.png,338
A00000040719,beetle_189.png,338
A00000040719,beetle_190.png,338
A00000040719,beetle_226.png,338
A00000034561,beetle_314.png,233
A00000034561,beetle_312.png,233
A00000034561,beetle_497.png,233
A00000034561,beetle_499.png,233
A00000034561,beetle_498.png,233
A00000049798,beetle_107.png,242
A00000049798,beetle_104.png,242
A00000049798,beetle_253.png,242
A00000049798,beetle_22.png,242
A00000049798,beetle_97.png,242
A00000008921,beetle_167.png,241
A00000008921,beetle_521.png,241
A00000008921,beetle_332.png,241
A00000008921,beetle_449.png,241
A00000008921,beetle_177.png,241
A00000046101,beetle_158.png,244
A00000046101,beetle_299.png,244
A00000046101,beetle_81.png,244
A00000046101,beetle_312.png,244
A00000046101,beetle_303.png,244
A00000059907,beetle_203.png,291
A00000059907,beetle_129.png,291
A00000059907,beetle_193.png,291
A00000059907,beetle_363.png,291
A00000059907,beetle_368.png,291
A00000051532,beetle_300.png,250
A00000051532,beetle_441.png,250
A00000051532,beetle_508.png,250
A00000051532,beetle_541.png,250
A00000051532,beetle_453.png,250
A00000046103,beetle_371.png,233
A00000046103,beetle_429.png,233
A00000046103,beetle_256.png,233
A00000046103,beetle_424.png,233
A00000046103,beetle_486.png,233
A00000033686,beetle_388.png,357
A00000033686,beetle_143.png,357
A00000033686,beetle_235.png,357
A00000033686,beetle_105.png,357
A00000033686,beetle_369.png,357
A00000033636,beetle_183.png,263
A00000033636,beetle_294.png,263
A00000033636,beetle_441.png,263
A00000033636,beetle_598.png,263
A00000033636,beetle_134.png,263
A00000009171,beetle_611.png,297
A00000009171,beetle_1203.png,297
A00000050025,beetle_441.png,243
A00000050025,beetle_1030.png,243
A00000050025,beetle_630.png,243
A00000050025,beetle_455.png,243
A00000050025,beetle_650.png,243
A00000051165,beetle_315.png,282
A00000051165,beetle_417.png,282
A00000051165,beetle_206.png,282
A00000051165,beetle_415.png,282
A00000051165,beetle_323.png,282
A00000034554,beetle_158.png,236
A00000034554,beetle_541.png,236
A00000034554,beetle_161.png,236
A00000034554,beetle_545.png,236
A00000034554,beetle_227.png,236
A00000040683,beetle_479.png,266
A00000040683,beetle_485.png,266
A00000040683,beetle_474.png,266
A00000040683,beetle_468.png,266
A00000051622,beetle_305.png,290
A00000051622,beetle_134.png,290
A00000051622,beetle_368.png,290
A00000051622,beetle_208.png,290
A00000051622,beetle_323.png,290
A00000051614,beetle_394.png,294
A00000051614,beetle_300.png,294
A00000051614,beetle_400.png,294
A00000051614,beetle_31.png,294
A00000051614,beetle_401.png,294
A00000051578,beetle_167.png,281
A00000051578,beetle_90.png,281
A00000051578,beetle_473.png,281
A00000051578,beetle_459.png,281
A00000051578,beetle_169.png,281
A00000051173,beetle_59.png,283
A00000051173,beetle_837.png,283
A00000051173,beetle_824.png,283
A00000051173,beetle_104.png,283
A00000051173,beetle_937.png,283
A00000051519,beetle_350.png,254
A00000051519,beetle_410.png,254
A00000051519,beetle_568.png,254
A00000051519,beetle_453.png,254
A00000051519,beetle_542.png,254
A00000051540,beetle_350.png,249
A00000051540,beetle_253.png,249
A00000051540,beetle_212.png,249
A00000051540,beetle_226.png,249
A00000051540,beetle_363.png,249
A00000040693,beetle_554.png,243
A00000040693,beetle_361.png,243
A00000040693,beetle_481.png,243
A00000040693,beetle_555.png,243
A00000040693,beetle_366.png,243
A00000051581,beetle_251.png,381
A00000051581,beetle_129.png,381
A00000051581,beetle_132.png,381
A00000051581,beetle_221.png,381
A00000051581,beetle_146.png,381
A00000051172,beetle_177.png,264
A00000051172,beetle_819.png,264
A00000051172,beetle_448.png,264
A00000051172,beetle_818.png,264
A00000051172,beetle_444.png,264
A00000051576,beetle_378.png,315
A00000051576,beetle_211.png,315
A00000051576,beetle_310.png,315
A00000051576,beetle_314.png,315
A00000051576,beetle_178.png,315
A00000046100,beetle_508.png,248
A00000046100,beetle_504.png,248
A00000046100,beetle_283.png,248
A00000046100,beetle_412.png,248
A00000046100,beetle_422.png,248
A00000033640,beetle_189.png,398
A00000033640,beetle_186.png,398
A00000033640,beetle_93.png,398
A00000033640,beetle_190.png,398
A00000033640,beetle_114.png,398
A00000009162,beetle_892.png,331
A00000009162,beetle_545.png,331
A00000009162,beetle_253.png,331
A00000009162,beetle_972.png,331
A00000009162,beetle_537.png,331
A00000034546,beetle_279.png,344
A00000034546,beetle_161.png,344
A00000034546,beetle_283.png,344
A00000034546,beetle_343.png,344
A00000034546,beetle_284.png,344
A00000046138,beetle_844.png,269
A00000046138,beetle_545.png,269
A00000046138,beetle_883.png,269
A00000046138,beetle_565.png,269
A00000046138,beetle_236.png,269
A00000051587,beetle_596.png,334
A00000051587,beetle_275.png,334
A00000051587,beetle_420.png,334
A00000051587,beetle_282.png,334
A00000051587,beetle_453.png,334
A00000046070,beetle_914.png,249
A00000046070,beetle_1383.png,249
A00000046070,beetle_937.png,249
A00000046070,beetle_1259.png,249
A00000046070,beetle_1372.png,249
A00000001831,beetle_251.png,300
A00000001831,beetle_958.png,300
A00000001831,beetle_959.png,300
A00000001831,beetle_256.png,300
A00000001831,beetle_592.png,300
A00000034568,beetle_294.png,284
A00000034568,beetle_554.png,284
A00000034568,beetle_420.png,284
A00000034568,beetle_555.png,284
A00000034568,beetle_550.png,284
A00000046119,beetle_456.png,246
A00000046119,beetle_459.png,246
A00000046119,beetle_1098.png,246
A00000046119,beetle_1099.png,246
A00000046119,beetle_449.png,246
A00000046115,beetle_305.png,245
A00000046115,beetle_688.png,245
A00000046115,beetle_953.png,245
A00000046115,beetle_670.png,245
A00000046115,beetle_315.png,245
A00000051550,beetle_400.png,314
A00000051550,beetle_441.png,314
A00000051550,beetle_335.png,314
A00000051550,beetle_523.png,314
A00000051550,beetle_204.png,314
A00000046176,beetle_310.png,232
A00000046176,beetle_283.png,232
A00000046176,beetle_311.png,232
A00000046176,beetle_281.png,232
A00000046176,beetle_185.png,232
A00000046082,beetle_394.png,245
A00000046082,beetle_479.png,245
A00000046082,beetle_392.png,245
A00000046082,beetle_315.png,245
A00000046082,beetle_386.png,245
A00000059785,beetle_541.png,291
A00000059785,beetle_545.png,291
A00000059785,beetle_193.png,291
A00000059785,beetle_546.png,291
A00000059785,beetle_857.png,291
A00000040687,beetle_395.png,242
A00000040687,beetle_394.png,242
A00000040687,beetle_357.png,242
A00000040687,beetle_293.png,242
A00000040687,beetle_145.png,242
A00000050018,beetle_688.png,278
A00000050018,beetle_687.png,278
A00000050018,beetle_749.png,278
A00000050018,beetle_332.png,278
A00000050018,beetle_501.png,278
A00000046092,beetle_335.png,279
A00000046092,beetle_597.png,279
A00000046092,beetle_148.png,279
A00000046092,beetle_608.png,279
A00000046092,beetle_366.png,279
A00000051536,beetle_305.png,242
A00000051536,beetle_357.png,242
A00000051536,beetle_478.png,242
A00000051536,beetle_472.png,242
A00000051536,beetle_381.png,242
A00000034543,beetle_394.png,310
A00000034543,beetle_223.png,310
A00000034543,beetle_636.png,310
A00000034543,beetle_387.png,310
A00000034543,beetle_193.png,310
A00000051544,beetle_622.png,255
A00000051544,beetle_48.png,255
A00000051544,beetle_774.png,255
A00000051544,beetle_350.png,255
A00000051544,beetle_310.png,255
A00000051593,beetle_275.png,332
A00000051593,beetle_283.png,332
A00000051593,beetle_212.png,332
A00000051593,beetle_87.png,332
A00000051593,beetle_270.png,332
A00000051386,beetle_785.png,256
A00000051386,beetle_371.png,256
A00000051386,beetle_453.png,256
A00000051386,beetle_437.png,256
A00000051386,beetle_651.png,256
A00000094703,beetle_104.png,234
A00000094703,beetle_105.png,234
A00000094703,beetle_98.png,234
A00000046120,beetle_256.png,244
A00000046120,beetle_617.png,244
A00000046120,beetle_1272.png,244
A00000046120,beetle_1192.png,244
A00000046228,beetle_1138.png,238
A00000046228,beetle_588.png,238
A00000046228,beetle_1139.png,238
A00000046228,beetle_958.png,238
A00000046228,beetle_952.png,238
A00000051579,beetle_203.png,366
A00000051579,beetle_251.png,366
A00000051579,beetle_204.png,366
A00000051579,beetle_40.png,366
A00000051579,beetle_143.png,366
A00000046123,beetle_508.png,231
A00000046123,beetle_424.png,231
A00000046123,beetle_317.png,231
A00000046123,beetle_423.png,231
A00000046123,beetle_498.png,231
A00000051180,beetle_749.png,276
A00000051180,beetle_332.png,276
A00000051180,beetle_112.png,276
A00000051180,beetle_472.png,276
A00000051180,beetle_747.png,276
A00000046226,beetle_595.png,270
A00000046226,beetle_145.png,270
A00000046226,beetle_277.png,270
A00000046226,beetle_545.png,270
A00000046226,beetle_346.png,270
A00000008937,beetle_335.png,238
A00000008937,beetle_392.png,238
A00000008937,beetle_303.png,238
A00000008937,beetle_391.png,238
A00000008937,beetle_329.png,238
A00000009149,beetle_852.png,342
A00000009149,beetle_849.png,342
A00000009149,beetle_851.png,342
A00000009149,beetle_434.png,342
A00000009149,beetle_421.png,342
A00000050031,beetle_305.png,256
A00000050031,beetle_378.png,256
A00000050031,beetle_657.png,256
A00000050031,beetle_400.png,256
A00000050031,beetle_310.png,256
A00000059788,beetle_361.png,269
A00000059788,beetle_623.png,269
A00000059788,beetle_638.png,269
A00000059788,beetle_712.png,269
A00000059788,beetle_632.png,269
A00000051555_1,beetle_183.png,223
A00000051555_1,beetle_1695.png,223
A00000051555_1,beetle_717.png,223
A00000051555_1,beetle_294.png,223
A00000051555_1,beetle_917.png,223
A00000051605,beetle_596.png,255
A00000051605,beetle_622.png,255
A00000051605,beetle_820.png,255
A00000051605,beetle_275.png,255
A00000051605,beetle_456.png,255
A00000051548,beetle_608.png,342
A00000051548,beetle_575.png,342
A00000051548,beetle_592.png,342
A00000051548,beetle_609.png,342
A00000051548,beetle_436.png,342
A00000033655,beetle_352.png,428
A00000033655,beetle_73.png,428
A00000033655,beetle_93.png,428
A00000033655,beetle_227.png,428
A00000033655,beetle_87.png,428
A00000049745,beetle_100.png,246
A00000049745,beetle_237.png,246
A00000049745,beetle_240.png,246
A00000049745,beetle_105.png,246
A00000049745,beetle_404.png,246
A00000041303,beetle_90.png,272
A00000041303,beetle_332.png,272
A00000041303,beetle_528.png,272
A00000041303,beetle_536.png,272
A00000041303,beetle_342.png,272
A00000051595,beetle_410.png,293
A00000051595,beetle_361.png,293
A00000051595,beetle_129.png,293
A00000051595,beetle_358.png,293
A00000051595,beetle_212.png,293
A00000046182,beetle_521.png,226
A00000046182,beetle_335.png,226
A00000046182,beetle_100.png,226
A00000046182,beetle_844.png,226
A00000046182,beetle_104.png,226
A00000051580,beetle_420.png,283
A00000051580,beetle_497.png,283
A00000051580,beetle_273.png,283
A00000051580,beetle_287.png,283
A00000051580,beetle_502.png,283
A00000049747,beetle_672.png,396
A00000049747,beetle_659.png,396
A00000049747,beetle_501.png,396
A00000049747,beetle_235.png,396
A00000049747,beetle_263.png,396
A00000034538,beetle_657.png,369
A00000034538,beetle_654.png,369
A00000034538,beetle_651.png,369
A00000034538,beetle_182.png,369
A00000034538,beetle_468.png,369
A00000046183,beetle_388.png,223
A00000046183,beetle_167.png,223
A00000046183,beetle_897.png,223
A00000046183,beetle_456.png,223
A00000046183,beetle_400.png,223
A00000041403,beetle_237.png,228
A00000041403,beetle_329.png,228
A00000041403,beetle_330.png,228
A00000041403,beetle_19.png,228
A00000041403,beetle_160.png,228
A00000040679,beetle_178.png,241
A00000040679,beetle_332.png,241
A00000040679,beetle_177.png,241
A00000040679,beetle_291.png,241
A00000040679,beetle_224.png,241
A00000051626,beetle_675.png,225
A00000051626,beetle_670.png,225
A00000051626,beetle_504.png,225
A00000051626,beetle_317.png,225
A00000051626,beetle_502.png,225
A00000033584,beetle_361.png,324
A00000033584,beetle_49.png,324
A00000033584,beetle_178.png,324
A00000033584,beetle_57.png,324
A00000033584,beetle_161.png,324
A00000046186,beetle_223.png,224
A00000046186,beetle_400.png,224
A00000046186,beetle_312.png,224
A00000046186,beetle_248.png,224
A00000046186,beetle_307.png,224
A00000046187,beetle_400.png,246
A00000046187,beetle_738.png,246
A00000046187,beetle_554.png,246
A00000046187,beetle_143.png,246
A00000046187,beetle_417.png,246
A00000040677,beetle_361.png,245
A00000040677,beetle_392.png,245
A00000040677,beetle_267.png,245
A00000040677,beetle_444.png,245
A00000040677,beetle_454.png,245
A00000041419,beetle_463.png,223
A00000041419,beetle_443.png,223
A00000041419,beetle_444.png,223
A00000041419,beetle_470.png,223
A00000041419,beetle_221.png,223
A00000069271,beetle_504.png,406
A00000069271,beetle_227.png,406
A00000069271,beetle_538.png,406
A00000069271,beetle_509.png,406
A00000069271,beetle_220.png,406
A00000009083,beetle_310.png,226
A00000009083,beetle_459.png,226
A00000009083,beetle_554.png,226
A00000009083,beetle_169.png,226
A00000009083,beetle_525.png,226
A00000046177,beetle_378.png,232
A00000046177,beetle_120.png,232
A00000046177,beetle_251.png,232
A00000046177,beetle_204.png,232
A00000046177,beetle_479.png,232
A00000040720,beetle_236.png,337
A00000040720,beetle_224.png,337
A00000040720,beetle_329.png,337
A00000040720,beetle_330.png,337
A00000040720,beetle_208.png,337
A00000051189,beetle_672.png,274
A00000051189,beetle_663.png,274
A00000051189,beetle_678.png,274
A00000051189,beetle_1194.png,274
A00000051189,beetle_1195.png,274
A00000046171,beetle_378.png,244
A00000046171,beetle_394.png,244
A00000046171,beetle_211.png,244
A00000046171,beetle_523.png,244
A00000046171,beetle_392.png,244
A00000050028,beetle_784.png,402
A00000050028,beetle_875.png,402
A00000050028,beetle_410.png,402
A00000050028,beetle_798.png,402
A00000050028,beetle_859.png,402
A00000032963,beetle_1117.png,266
A00000032963,beetle_381.png,266
A00000032963,beetle_934.png,266
A00000032963,beetle_99.png,266
A00000032963,beetle_936.png,266
A00000051619,beetle_310.png,290
A00000051619,beetle_299.png,290
A00000051619,beetle_431.png,290
A00000051619,beetle_312.png,290
A00000051619,beetle_293.png,290
A00000049741,beetle_656.png,371
A00000049741,beetle_303.png,371
A00000049741,beetle_551.png,371
A00000049741,beetle_660.png,371
A00000049741,beetle_635.png,371
A00000051620,beetle_50.png,321
A00000051620,beetle_104.png,321
A00000051620,beetle_12.png,321
A00000051620,beetle_44.png,321
A00000051620,beetle_55.png,321
A00000046301,beetle_203.png,227
A00000046301,beetle_717.png,227
A00000046301,beetle_224.png,227
A00000046301,beetle_597.png,227
A00000046301,beetle_712.png,227
A00000033675,beetle_211.png,371
A00000033675,beetle_100.png,371
A00000033675,beetle_161.png,371
A00000033675,beetle_46.png,371
A00000033675,beetle_148.png,371
A00000051599,beetle_203.png,317
A00000051599,beetle_542.png,317
A00000051599,beetle_760.png,317
A00000051599,beetle_682.png,317
A00000051599,beetle_681.png,317
A00000008976,beetle_920.png,353
A00000046073,beetle_615.png,285
A00000046073,beetle_87.png,285
A00000046073,beetle_422.png,285
A00000046073,beetle_89.png,285
A00000046073,beetle_618.png,285
A00000012433,beetle_521.png,229
A00000012433,beetle_523.png,229
A00000012433,beetle_371.png,229
A00000012433,beetle_481.png,229
A00000012433,beetle_472.png,229
A00000126375,beetle_388.png,296
A00000126375,beetle_441.png,296
A00000126375,beetle_119.png,296
A00000126375,beetle_100.png,296
A00000126375,beetle_478.png,296
A00000034551,beetle_503.png,232
A00000034551,beetle_178.png,232
A00000034551,beetle_143.png,232
A00000034551,beetle_504.png,232
A00000034551,beetle_177.png,232
A00000033605,beetle_81.png,379
A00000033605,beetle_129.png,379
A00000033605,beetle_104.png,379
A00000033605,beetle_93.png,379
A00000033605,beetle_351.png,379
A00000056857,beetle_251.png,334
A00000056857,beetle_479.png,334
A00000056857,beetle_459.png,334
A00000056857,beetle_623.png,334
A00000056857,beetle_638.png,334
A00000046229,beetle_203.png,229
A00000046229,beetle_675.png,229
A00000046229,beetle_683.png,229
A00000046229,beetle_834.png,229
A00000046229,beetle_832.png,229
A00000033619,beetle_167.png,380
A00000033619,beetle_183.png,380
A00000033619,beetle_48.png,380
A00000033619,beetle_134.png,380
A00000033619,beetle_274.png,380
A00000051583,beetle_143.png,399
A00000051583,beetle_264.png,399
A00000051583,beetle_268.png,399
A00000051583,beetle_265.png,399
A00000051583,beetle_263.png,399
A00000051169,beetle_269.png,312
A00000051169,beetle_280.png,312
A00000156508,beetle_305.png,223
A00000156508,beetle_657.png,223
A00000156508,beetle_656.png,223
A00000156508,beetle_460.png,223
A00000156508,beetle_282.png,223
A00000045134,beetle_892.png,228
A00000045134,beetle_897.png,228
A00000045134,beetle_953.png,228
A00000045134,beetle_937.png,228
A00000045134,beetle_773.png,228
A00000032929,beetle_657.png,264
A00000032929,beetle_545.png,264
A00000032929,beetle_237.png,264
A00000032929,beetle_536.png,264
A00000032929,beetle_268.png,264
A00000033590,beetle_120.png,482
A00000033590,beetle_107.png,482
A00000033590,beetle_294.png,482
A00000033590,beetle_332.png,482
A00000033590,beetle_121.png,482
A00000012435,beetle_784.png,244
A00000012435,beetle_785.png,244
A00000012435,beetle_299.png,244
A00000012435,beetle_779.png,244
A00000012435,beetle_298.png,244
A00000034541,beetle_478.png,231
A00000034541,beetle_487.png,231
A00000034541,beetle_417.png,231
A00000034541,beetle_485.png,231
A00000034541,beetle_486.png,231
A00000041361,beetle_349.png,243
A00000041361,beetle_163.png,243
A00000041361,beetle_381.png,243
A00000041361,beetle_38.png,243
A00000041361,beetle_36.png,243
A00000033687,beetle_388.png,362
A00000033687,beetle_623.png,362
A00000033687,beetle_371.png,362
A00000033687,beetle_143.png,362
A00000033687,beetle_621.png,362
A00000051523,beetle_204.png,247
A00000033652,beetle_158.png,425
A00000033652,beetle_456.png,425
A00000033652,beetle_119.png,425
A00000033652,beetle_459.png,425
A00000033652,beetle_303.png,425
A00000049797,beetle_291.png,251
A00000049797,beetle_113.png,251
A00000049797,beetle_106.png,251
A00000049797,beetle_287.png,251
A00000049797,beetle_285.png,251
A00000034556,beetle_253.png,232
A00000034556,beetle_391.png,232
A00000034556,beetle_589.png,232
A00000034556,beetle_592.png,232
A00000034556,beetle_591.png,232
A00000033656,beetle_456.png,222
A00000033656,beetle_657.png,222
A00000033656,beetle_675.png,222
A00000033656,beetle_459.png,222
A00000033656,beetle_659.png,222
A00000049751,beetle_892.png,243
A00000049751,beetle_791.png,243
A00000049751,beetle_300.png,243
A00000049751,beetle_314.png,243
A00000049751,beetle_410.png,243
A00000034565,beetle_784.png,233
A00000034565,beetle_300.png,233
A00000034565,beetle_785.png,233
A00000034565,beetle_401.png,233
A00000034565,beetle_686.png,233
A00000051520,beetle_167.png,243
A00000051520,beetle_473.png,243
A00000051520,beetle_125.png,243
A00000051520,beetle_479.png,243
A00000051520,beetle_401.png,243
A00000034563,beetle_441.png,231
A00000034563,beetle_251.png,231
A00000034563,beetle_643.png,231
A00000034563,beetle_633.png,231
A00000034563,beetle_449.png,231
A00000041377,beetle_892.png,227
A00000041377,beetle_400.png,227
A00000041377,beetle_595.png,227
A00000041377,beetle_410.png,227
A00000041377,beetle_588.png,227
A00000051556,beetle_521.png,323
A00000051556,beetle_478.png,323
A00000051556,beetle_371.png,323
A00000051556,beetle_346.png,323
A00000051556,beetle_511.png,323
A00000034537,beetle_176.png,299
A00000034537,beetle_672.png,299
A00000034537,beetle_367.png,299
A00000034537,beetle_182.png,299
A00000034537,beetle_362.png,299
A00000032880,beetle_31.png,256
A00000032880,beetle_299.png,256
A00000032880,beetle_186.png,256
A00000032880,beetle_193.png,256
A00000032880,beetle_38.png,256
A00000033688,beetle_206.png,366
A00000033688,beetle_485.png,366
A00000033688,beetle_263.png,366
A00000033688,beetle_474.png,366
A00000033688,beetle_172.png,366
A00000051582,beetle_657.png,343
A00000051582,beetle_392.png,343
A00000051582,beetle_177.png,343
A00000051582,beetle_712.png,343
A00000051582,beetle_426.png,343
A00000050022,beetle_357.png,244
A00000050022,beetle_358.png,244
A00000050022,beetle_351.png,244
A00000050022,beetle_303.png,244
A00000050022,beetle_636.png,244
A00000049743,beetle_167.png,366
A00000049743,beetle_104.png,366
A00000049743,beetle_236.png,366
A00000049743,beetle_244.png,366
A00000049743,beetle_165.png,366
A00000051547,beetle_493.png,340
A00000051547,beetle_966.png,340
A00000051547,beetle_844.png,340
A00000051547,beetle_511.png,340
A00000051547,beetle_878.png,340
A00000051538,beetle_622.png,294
A00000051538,beetle_623.png,294
A00000051538,beetle_789.png,294
A00000051538,beetle_636.png,294
A00000051538,beetle_625.png,294
A00000041433,beetle_183.png,231
A00000041433,beetle_521.png,231
A00000041433,beetle_503.png,231
A00000041433,beetle_523.png,231
A00000041433,beetle_178.png,231
A00000033569,beetle_378.png,266
A00000033569,beetle_31.png,266
A00000033569,beetle_204.png,266
A00000033569,beetle_361.png,266
A00000033569,beetle_358.png,266
A00000051586,beetle_305.png,293
A00000051586,beetle_400.png,293
A00000051586,beetle_310.png,293
A00000051586,beetle_314.png,293
A00000051586,beetle_525.png,293
A00000051176,beetle_493.png,336
A00000051176,beetle_441.png,336
A00000051176,beetle_350.png,336
A00000051176,beetle_71.png,336
A00000051176,beetle_497.png,336
A00000034557,beetle_176.png,232
A00000034557,beetle_363.png,232
A00000034557,beetle_366.png,232
A00000034557,beetle_182.png,232
A00000034557,beetle_509.png,232
A00000051618,beetle_806.png,229
A00000051618,beetle_550.png,229
A00000051618,beetle_735.png,229
A00000051618,beetle_739.png,229
A00000051618,beetle_567.png,229
A00000046080,beetle_892.png,245
A00000046080,beetle_897.png,245
A00000046080,beetle_107.png,245
A00000046080,beetle_100.png,245
A00000046080,beetle_1139.png,245
A00000050026,beetle_596.png,242
A00000050026,beetle_738.png,242
A00000050026,beetle_736.png,242
A00000050026,beetle_212.png,242
A00000050026,beetle_735.png,242
A00000046122,beetle_381.png,244
A00000046122,beetle_702.png,244
A00000046122,beetle_692.png,244
A00000046122,beetle_373.png,244
A00000046122,beetle_494.png,244
A00000046105,beetle_410.png,231
A00000046105,beetle_568.png,231
A00000046105,beetle_244.png,231
A00000046105,beetle_680.png,231
A00000046105,beetle_579.png,231
A00000046227,beetle_251.png,238
A00000046227,beetle_478.png,238
A00000046227,beetle_508.png,238
A00000046227,beetle_754.png,238
A00000046227,beetle_852.png,238
A00000046077,beetle_204.png,243
A00000046077,beetle_429.png,243
A00000046077,beetle_212.png,243
A00000046077,beetle_318.png,243
A00000046077,beetle_422.png,243
A00000012427,beetle_350.png,228
A00000012427,beetle_478.png,228
A00000012427,beetle_472.png,228
A00000012427,beetle_542.png,228
A00000051607,beetle_305.png,319
A00000051607,beetle_299.png,319
A00000051607,beetle_332.png,319
A00000051607,beetle_301.png,319
A00000051607,beetle_342.png,319
A00000069240,beetle_145.png,220
A00000069240,beetle_265.png,220
A00000046074,beetle_695.png,274
A00000046074,beetle_703.png,274
A00000046074,beetle_701.png,274
A00000046074,beetle_702.png,274
A00000046074,beetle_835.png,274
A00000046174,beetle_528.png,230
A00000046174,beetle_558.png,230
A00000046174,beetle_245.png,230
A00000046174,beetle_560.png,230
A00000046174,beetle_509.png,230
A00000033623,beetle_300.png,309
A00000033623,beetle_478.png,309
A00000033623,beetle_508.png,309
A00000033623,beetle_481.png,309
A00000033623,beetle_301.png,309
A00000046094,beetle_394.png,239
A00000046094,beetle_774.png,239
A00000046094,beetle_392.png,239
A00000046094,beetle_754.png,239
A00000046094,beetle_1094.png,239
A00000046087,beetle_820.png,264
A00000046087,beetle_417.png,264
A00000046087,beetle_449.png,264
A00000046087,beetle_818.png,264
A00000046087,beetle_725.png,264
A00000051170,beetle_521.png,241
A00000051170,beetle_523.png,241
A00000051170,beetle_738.png,241
A00000051170,beetle_848.png,241
A00000051170,beetle_852.png,241
A00000051179,beetle_791.png,223
A00000051179,beetle_521.png,223
A00000051179,beetle_1113.png,223
A00000051179,beetle_357.png,223
A00000051179,beetle_441.png,223
A00000051591,beetle_352.png,347
A00000051591,beetle_350.png,347
A00000051591,beetle_274.png,347
A00000051591,beetle_279.png,347
A00000051591,beetle_351.png,347
A00000069243,beetle_260.png,233
A00000051608,beetle_158.png,226
A00000051608,beetle_294.png,226
A00000051608,beetle_371.png,226
A00000051608,beetle_611.png,226
A00000051608,beetle_415.png,226
A00000034559,beetle_417.png,233
A00000034559,beetle_415.png,233
A00000034559,beetle_518.png,233
A00000034559,beetle_421.png,233
A00000034559,beetle_414.png,233
A00000051535,beetle_622.png,248
A00000051535,beetle_521.png,248
A00000051535,beetle_657.png,248
A00000051535,beetle_400.png,248
A00000051535,beetle_670.png,248
A00000046091,beetle_352.png,240
A00000046091,beetle_351.png,240
A00000046091,beetle_486.png,240
A00000046091,beetle_368.png,240
A00000046091,beetle_463.png,240
A00000041383,beetle_493.png,223
A00000041383,beetle_371.png,223
A00000041383,beetle_226.png,223
A00000041383,beetle_381.png,223
A00000041383,beetle_363.png,223
A00000051602,beetle_493.png,295
A00000051602,beetle_357.png,295
A00000051602,beetle_352.png,295
A00000051602,beetle_568.png,295
A00000051602,beetle_237.png,295
A00000009166,beetle_251.png,351
A00000009166,beetle_253.png,351
A00000009166,beetle_849.png,351
A00000009166,beetle_511.png,351
A00000009166,beetle_723.png,351
A00000051609,beetle_211.png,316
A00000051609,beetle_150.png,316
A00000051609,beetle_57.png,316
A00000051609,beetle_93.png,316
A00000051609,beetle_293.png,316
A00000050035,beetle_223.png,255
A00000050035,beetle_767.png,255
A00000050035,beetle_978.png,255
A00000050035,beetle_420.png,255
A00000050035,beetle_749.png,255
A00000008915,beetle_1283.png,285
A00000008915,beetle_223.png,285
A00000008915,beetle_1162.png,285
A00000008915,beetle_824.png,285
A00000008915,beetle_1155.png,285
A00000049774,beetle_305.png,244
A00000049774,beetle_90.png,244
A00000049774,beetle_473.png,244
A00000049774,beetle_479.png,244
A00000049774,beetle_299.png,244
A00000059780,beetle_294.png,268
A00000059780,beetle_541.png,268
A00000059780,beetle_555.png,268
A00000059780,beetle_538.png,268
A00000059780,beetle_281.png,268
A00000046137,beetle_400.png,287
A00000046137,beetle_638.png,287
A00000046137,beetle_633.png,287
A00000046137,beetle_632.png,287
A00000046137,beetle_386.png,287
A00000040695,beetle_410.png,299
A00000040695,beetle_777.png,299
A00000040695,beetle_858.png,299
A00000040695,beetle_405.png,299
A00000040695,beetle_782.png,299
A00000012432,beetle_158.png,228
A00000012432,beetle_394.png,228
A00000012432,beetle_352.png,228
A00000012432,beetle_350.png,228
A00000012432,beetle_401.png,228
A00000012924,beetle_1305.png,235
A00000012924,beetle_643.png,235
A00000012924,beetle_93.png,235
A00000012924,beetle_1027.png,235
A00000012924,beetle_89.png,235
A00000046175,beetle_503.png,249
A00000046175,beetle_493.png,249
A00000046175,beetle_274.png,249
A00000046175,beetle_501.png,249
A00000046175,beetle_152.png,249
A00000032979,beetle_135.png,398
A00000032979,beetle_190.png,398
A00000032979,beetle_181.png,398
A00000032979,beetle_485.png,398
A00000032979,beetle_486.png,398
A00000051190,beetle_332.png,277
A00000051190,beetle_1099.png,277
A00000051190,beetle_883.png,277
A00000051190,beetle_193.png,277
A00000051190,beetle_199.png,277
A00000034562,beetle_305.png,233
A00000034562,beetle_523.png,233
A00000034562,beetle_525.png,233
A00000034562,beetle_522.png,233
A00000034562,beetle_307.png,233
A00000041416,beetle_657.png,249
A00000041416,beetle_357.png,249
A00000041416,beetle_654.png,249
A00000041416,beetle_352.png,249
A00000041416,beetle_90.png,249
A00000034544,beetle_145.png,370
A00000034544,beetle_270.png,370
A00000034544,beetle_263.png,370
A00000034544,beetle_269.png,370
A00000034544,beetle_307.png,370
A00000034553,beetle_508.png,312
A00000034553,beetle_417.png,312
A00000034553,beetle_604.png,312
A00000034553,beetle_601.png,312
A00000034553,beetle_499.png,312
A00000033607,beetle_178.png,317
A00000033607,beetle_282.png,317
A00000033607,beetle_176.png,317
A00000033607,beetle_283.png,317
A00000033607,beetle_284.png,317
A00000040678,beetle_351.png,243
A00000040678,beetle_291.png,243
A00000040678,beetle_368.png,243
A00000040678,beetle_412.png,243
A00000040678,beetle_366.png,243
A00000050034,beetle_300.png,335
A00000050034,beetle_299.png,335
A00000050034,beetle_301.png,335
A00000050034,beetle_277.png,335
A00000050034,beetle_163.png,335
A00000041107,beetle_315.png,225
A00000041107,beetle_575.png,225
A00000041107,beetle_140.png,225
A00000041107,beetle_316.png,225
A00000041107,beetle_142.png,225
A00000046107,beetle_695.png,262
A00000046107,beetle_1157.png,262
A00000046107,beetle_659.png,262
A00000046107,beetle_329.png,262
A00000046107,beetle_330.png,262
A00000051546,beetle_596.png,254
A00000051546,beetle_167.png,254
A00000051546,beetle_400.png,254
A00000051546,beetle_335.png,254
A00000051546,beetle_350.png,254
A00000059787,beetle_349.png,268
A00000059787,beetle_626.png,268
A00000059787,beetle_591.png,268
A00000059787,beetle_619.png,268
A00000059787,beetle_586.png,268
A00000041396,beetle_40.png,224
A00000041396,beetle_206.png,224
A00000041396,beetle_193.png,224
A00000041396,beetle_470.png,224
A00000041396,beetle_434.png,224
A00000050015,beetle_352.png,317
A00000050015,beetle_707.png,317
A00000050015,beetle_636.png,317
A00000050015,beetle_626.png,317
A00000050015,beetle_631.png,317
A00000034564,beetle_420.png,231
A00000034564,beetle_615.png,231
A00000034564,beetle_616.png,231
A00000034564,beetle_381.png,231
A00000034564,beetle_617.png,231
A00000056900,beetle_48.png,278
A00000056900,beetle_119.png,278
A00000056900,beetle_444.png,278
A00000056900,beetle_644.png,278
A00000056900,beetle_131.png,278
A00000046099,beetle_335.png,232
A00000046099,beetle_349.png,232
A00000046099,beetle_426.png,232
A00000046099,beetle_446.png,232
A00000046099,beetle_228.png,232
A00000051541,beetle_167.png,256
A00000051541,beetle_400.png,256
A00000051541,beetle_169.png,256
A00000051541,beetle_282.png,256
A00000051541,beetle_415.png,256
A00000046106,beetle_394.png,223
A00000046106,beetle_1202.png,223
A00000046106,beetle_1419.png,223
A00000046106,beetle_754.png,223
A00000046106,beetle_1200.png,223
A00000051585,beetle_183.png,366
A00000051585,beetle_310.png,366
A00000051585,beetle_267.png,366
A00000051585,beetle_274.png,366
A00000051585,beetle_298.png,366
A00000056862,beetle_521.png,219
A00000056862,beetle_707.png,219
A00000056862,beetle_75.png,219
A00000056862,beetle_306.png,219
A00000056862,beetle_291.png,219
A00000046172,beetle_622.png,247
A00000046172,beetle_508.png,247
A00000046172,beetle_371.png,247
A00000046172,beetle_615.png,247
A00000046172,beetle_161.png,247
A00000069270,beetle_239.png,400
A00000069270,beetle_240.png,400
A00000069270,beetle_123.png,400
A00000069270,beetle_149.png,400
A00000046081,beetle_378.png,250
A00000046081,beetle_675.png,250
A00000046081,beetle_656.png,250
A00000046081,beetle_1030.png,250
A00000046081,beetle_389.png,250
A00000051161,beetle_167.png,380
A00000051530,beetle_349.png,249
A00000051530,beetle_323.png,249
A00000051530,beetle_239.png,249
A00000051530,beetle_342.png,249
A00000051530,beetle_343.png,249
A00000046224,beetle_305.png,236
A00000046224,beetle_107.png,236
A00000046224,beetle_523.png,236
A00000046224,beetle_738.png,236
A00000046224,beetle_129.png,236
A00000050032,beetle_1072.png,349
A00000050032,beetle_754.png,349
A00000050032,beetle_1064.png,349
A00000050032,beetle_760.png,349
A00000050032,beetle_1143.png,349
A00000046072,beetle_791.png,244
A00000046072,beetle_588.png,244
A00000046072,beetle_779.png,244
A00000046072,beetle_672.png,244
A00000046072,beetle_330.png,244
A00000051521,beetle_493.png,258
A00000051521,beetle_459.png,258
A00000051521,beetle_481.png,258
A00000051521,beetle_269.png,258
A00000051521,beetle_522.png,258
A00000050036,beetle_654.png,272
A00000050036,beetle_335.png,272
A00000050036,beetle_299.png,272
A00000050036,beetle_314.png,272
A00000050036,beetle_588.png,272
A00000051524,beetle_275.png,255
A00000051524,beetle_224.png,255
A00000051524,beetle_268.png,255
A00000051524,beetle_261.png,255
A00000051524,beetle_235.png,255
A00000012920,beetle_892.png,246
A00000012920,beetle_914.png,246
A00000012920,beetle_358.png,246
A00000012920,beetle_93.png,246
A00000012920,beetle_621.png,246
A00000046102,beetle_388.png,249
A00000046102,beetle_211.png,249
A00000046102,beetle_274.png,249
A00000046102,beetle_460.png,249
A00000046102,beetle_291.png,249
A00000033685,beetle_388.png,415
A00000033685,beetle_410.png,415
A00000033685,beetle_387.png,415
A00000033685,beetle_391.png,415
A00000033685,beetle_355.png,415
A00000008984,beetle_150.png,276
A00000008984,beetle_206.png,276
A00000008984,beetle_467.png,276
A00000008984,beetle_330.png,276
A00000008984,beetle_269.png,276
A00000051537,beetle_388.png,250
A00000051537,beetle_441.png,250
A00000051537,beetle_410.png,250
A00000051537,beetle_283.png,250
A00000051537,beetle_531.png,250
A00000051186,beetle_203.png,239
A00000051186,beetle_952.png,239
A00000051186,beetle_1182.png,239
A00000051186,beetle_1200.png,239
A00000051186,beetle_1186.png,239
A00000051555_2,beetle_596.png,225
A00000051555_2,beetle_395.png,225
A00000051555_2,beetle_378.png,225
A00000051555_2,beetle_394.png,225
A00000051555_2,beetle_275.png,225
A00000051624,beetle_335.png,292
A00000051624,beetle_267.png,292
A00000051624,beetle_332.png,292
A00000051624,beetle_73.png,292
A00000051624,beetle_161.png,292
A00000059776,beetle_357.png,267
A00000059776,beetle_486.png,267
A00000059776,beetle_363.png,267
A00000059776,beetle_148.png,267
A00000059776,beetle_366.png,267
A00000041402,beetle_388.png,226
A00000041402,beetle_90.png,226
A00000041402,beetle_178.png,226
A00000041402,beetle_121.png,226
A00000041402,beetle_537.png,226
A00000012431,beetle_767.png,247
A00000012431,beetle_738.png,247
A00000012431,beetle_178.png,247
A00000012431,beetle_739.png,247
A00000012431,beetle_111.png,247
